<?xml version="1.0" encoding="UTF-8"?>
<project-private xmlns="http://www.netbeans.org/ns/project-private/1">
    <editor-bookmarks xmlns="http://www.netbeans.org/ns/editor-bookmarks/2" lastBookmarkId="0"/>
    <open-files xmlns="http://www.netbeans.org/ns/projectui-open-files/2">
        <group>
            <file>file:/home/abraham/NetBeansProjects/ProyectoSIGA/src/Dominio/Asesor.java</file>
            <file>file:/home/abraham/NetBeansProjects/ProyectoSIGA/src/Dominio/Coordinador.java</file>
            <file>file:/home/abraham/NetBeansProjects/ProyectoSIGA/src/Dominio/Resepcionista.java</file>
            <file>file:/home/abraham/NetBeansProjects/ProyectoSIGA/src/Dominio/Usuario.java</file>
        </group>
    </open-files>
</project-private>
