<?xml version="1.0" encoding="UTF-8"?>
<project-private xmlns="http://www.netbeans.org/ns/project-private/1">
    <editor-bookmarks xmlns="http://www.netbeans.org/ns/editor-bookmarks/2" lastBookmarkId="0"/>
    <open-files xmlns="http://www.netbeans.org/ns/projectui-open-files/2">
        <group>
            <file>file:/home/abraham/NetBeansProjects/ProyectoSIGA/src/Implementacion/RecepcionistaDAO.java</file>
            <file>file:/home/abraham/NetBeansProjects/ProyectoSIGA/src/Implementacion/IAsesorDAO.java</file>
            <file>file:/home/abraham/NetBeansProjects/ProyectoSIGA/src/Implementacion/IRecepcionistaDAO.java</file>
            <file>file:/home/abraham/NetBeansProjects/ProyectoSIGA/src/Dominio/InscripcionAlumno.java</file>
            <file>file:/home/abraham/NetBeansProjects/ProyectoSIGA/src/Dominio/Alumno.java</file>
        </group>
    </open-files>
</project-private>
