<?xml version="1.0" encoding="UTF-8"?>
<project-private xmlns="http://www.netbeans.org/ns/project-private/1">
    <editor-bookmarks xmlns="http://www.netbeans.org/ns/editor-bookmarks/2" lastBookmarkId="0"/>
    <open-files xmlns="http://www.netbeans.org/ns/projectui-open-files/2">
        <group>
            <file>file:/C:/Users/Equipo/Desktop/Proyecto%20CAADI/ProyectoCADI%20v0.2/ProyectoCADI/test/Implementacion/UsuarioDAOTest.java</file>
            <file>file:/C:/Users/Equipo/Desktop/Proyecto%20CAADI/ProyectoCADI%20v0.2/ProyectoCADI/src/Implementacion/RecepcionistaDAO.java</file>
            <file>file:/C:/Users/Equipo/Desktop/Proyecto%20CAADI/ProyectoCADI%20v0.2/ProyectoCADI/src/Implementacion/AsesorDAO.java</file>
            <file>file:/C:/Users/Equipo/Desktop/Proyecto%20CAADI/ProyectoCADI%20v0.2/ProyectoCADI/src/Conexion/Conexion.java</file>
            <file>file:/C:/Users/Equipo/Desktop/Proyecto%20CAADI/ProyectoCADI%20v0.2/ProyectoCADI/src/Implementacion/IUsuarioSistemaDAO.java</file>
            <file>file:/C:/Users/Equipo/Desktop/Proyecto%20CAADI/ProyectoCADI%20v0.2/ProyectoCADI/src/GUI/PantallaInicioSesion.java</file>
            <file>file:/C:/Users/Equipo/Desktop/Proyecto%20CAADI/ProyectoCADI%20v0.2/ProyectoCADI/src/Implementacion/CoordinadorDAO.java</file>
            <file>file:/C:/Users/Equipo/Desktop/Proyecto%20CAADI/ProyectoCADI%20v0.2/ProyectoCADI/src/Implementacion/UsuarioSistemaDAO.java</file>
        </group>
    </open-files>
</project-private>
